{"cameraMode":{"drawMode":0,"name":"Shaded","section":"Shading Mode"},"sceneLighting":true,"audioPlay":false,"sceneViewState":{"showFog":true,"showMaterialUpdate":false,"showSkybox":true,"showFlares":true,"showImageEffects":true,"showParticleSystems":true},"in2DMode":false,"pivot":{"x":19.36798858642578,"y":0.19477498531341554,"z":31.52286720275879},"rotation":{"x":0.16356779634952546,"y":-0.6076915860176086,"z":0.12972159683704377,"w":0.7662462592124939},"size":1.8921527862548829,"orthographic":false}